sample_id,speaker_id,language,duration,source,generator,voice,pace,label,attack_type,file_path
a328f9e98c5f,sarvam_shubh,hi,3.84,sarvam,sarvam_bulbul_v3_shubh,shubh,1.0,spoof,tts,X:\SIH 2K26\ml\dhwani\notebooks\spoof_generated\sarvam\hi\a328f9e98c5f.wav
8571b550edcf,sarvam_priya,hi,6.23,sarvam,sarvam_bulbul_v3_priya,priya,1.0,spoof,tts,X:\SIH 2K26\ml\dhwani\notebooks\spoof_generated\sarvam\hi\8571b550edcf.wav
c3813d71895c,sarvam_rahul,hi,6.23,sarvam,sarvam_bulbul_v3_rahul,rahul,0.9,spoof,tts,X:\SIH 2K26\ml\dhwani\notebooks\spoof_generated\sarvam\hi\c3813d71895c.wav
9c0fbbb1d8f1,sarvam_simran,hi,5.63,sarvam,sarvam_bulbul_v3_simran,simran,1.0,spoof,tts,X:\SIH 2K26\ml\dhwani\notebooks\spoof_generated\sarvam\hi\9c0fbbb1d8f1.wav
a5260108be09,sarvam_aditya,hi,5.38,sarvam,sarvam_bulbul_v3_aditya,aditya,1.0,spoof,tts,X:\SIH 2K26\ml\dhwani\notebooks\spoof_generated\sarvam\hi\a5260108be09.wav
0807ce0c13de,sarvam_shubh,hi,2.99,sarvam,sarvam_bulbul_v3_shubh,shubh,1.0,spoof,tts,X:\SIH 2K26\ml\dhwani\notebooks\spoof_generated\sarvam\hi\0807ce0c13de.wav
d159578f1674,sarvam_priya,hi,4.18,sarvam,sarvam_bulbul_v3_priya,priya,1.0,spoof,tts,X:\SIH 2K26\ml\dhwani\notebooks\spoof_generated\sarvam\hi\d159578f1674.wav
f8c909546af2,sarvam_rahul,hi,3.84,sarvam,sarvam_bulbul_v3_rahul,rahul,1.0,spoof,tts,X:\SIH 2K26\ml\dhwani\notebooks\spoof_generated\sarvam\hi\f8c909546af2.wav
4730f53492f8,sarvam_simran,hi,2.46,sarvam,sarvam_bulbul_v3_simran,simran,1.1,spoof,tts,X:\SIH 2K26\ml\dhwani\notebooks\spoof_generated\sarvam\hi\4730f53492f8.wav
0b4c57b476b2,sarvam_aditya,hi,5.29,sarvam,sarvam_bulbul_v3_aditya,aditya,0.9,spoof,tts,X:\SIH 2K26\ml\dhwani\notebooks\spoof_generated\sarvam\hi\0b4c57b476b2.wav
ff29bb59f8e6,sarvam_shubh,hi,2.29,sarvam,sarvam_bulbul_v3_shubh,shubh,1.1,spoof,tts,X:\SIH 2K26\ml\dhwani\notebooks\spoof_generated\sarvam\hi\ff29bb59f8e6.wav
c214986f9f91,sarvam_priya,hi,4.27,sarvam,sarvam_bulbul_v3_priya,priya,1.0,spoof,tts,X:\SIH 2K26\ml\dhwani\notebooks\spoof_generated\sarvam\hi\c214986f9f91.wav
531972bbb6ff,sarvam_rahul,hi,4.44,sarvam,sarvam_bulbul_v3_rahul,rahul,1.0,spoof,tts,X:\SIH 2K26\ml\dhwani\notebooks\spoof_generated\sarvam\hi\531972bbb6ff.wav
7e0c092ef83e,sarvam_simran,hi,3.29,sarvam,sarvam_bulbul_v3_simran,simran,0.9,spoof,tts,X:\SIH 2K26\ml\dhwani\notebooks\spoof_generated\sarvam\hi\7e0c092ef83e.wav
5efc4db59ae7,sarvam_aditya,hi,3.71,sarvam,sarvam_bulbul_v3_aditya,aditya,1.1,spoof,tts,X:\SIH 2K26\ml\dhwani\notebooks\spoof_generated\sarvam\hi\5efc4db59ae7.wav
73cf69f42538,sarvam_shubh,hi,2.47,sarvam,sarvam_bulbul_v3_shubh,shubh,1.0,spoof,tts,X:\SIH 2K26\ml\dhwani\notebooks\spoof_generated\sarvam\hi\73cf69f42538.wav
a12b9aadb311,sarvam_priya,hi,3.41,sarvam,sarvam_bulbul_v3_priya,priya,1.0,spoof,tts,X:\SIH 2K26\ml\dhwani\notebooks\spoof_generated\sarvam\hi\a12b9aadb311.wav
0d5336ff814a,sarvam_rahul,hi,2.63,sarvam,sarvam_bulbul_v3_rahul,rahul,0.9,spoof,tts,X:\SIH 2K26\ml\dhwani\notebooks\spoof_generated\sarvam\hi\0d5336ff814a.wav
2c0a3da94ec3,sarvam_simran,hi,2.39,sarvam,sarvam_bulbul_v3_simran,simran,1.0,spoof,tts,X:\SIH 2K26\ml\dhwani\notebooks\spoof_generated\sarvam\hi\2c0a3da94ec3.wav
45962b20b562,sarvam_aditya,hi,3.16,sarvam,sarvam_bulbul_v3_aditya,aditya,1.0,spoof,tts,X:\SIH 2K26\ml\dhwani\notebooks\spoof_generated\sarvam\hi\45962b20b562.wav
90ee2713e4a6,sarvam_shubh,hi,3.07,sarvam,sarvam_bulbul_v3_shubh,shubh,1.0,spoof,tts,X:\SIH 2K26\ml\dhwani\notebooks\spoof_generated\sarvam\hi\90ee2713e4a6.wav
3c65bfa280ca,sarvam_priya,hi,3.24,sarvam,sarvam_bulbul_v3_priya,priya,1.0,spoof,tts,X:\SIH 2K26\ml\dhwani\notebooks\spoof_generated\sarvam\hi\3c65bfa280ca.wav
c8cc91ce248e,sarvam_rahul,hi,4.69,sarvam,sarvam_bulbul_v3_rahul,rahul,1.0,spoof,tts,X:\SIH 2K26\ml\dhwani\notebooks\spoof_generated\sarvam\hi\c8cc91ce248e.wav
f946d389fe2a,sarvam_simran,hi,3.39,sarvam,sarvam_bulbul_v3_simran,simran,0.9,spoof,tts,X:\SIH 2K26\ml\dhwani\notebooks\spoof_generated\sarvam\hi\f946d389fe2a.wav
499b5239109e,sarvam_aditya,hi,4.53,sarvam,sarvam_bulbul_v3_aditya,aditya,0.9,spoof,tts,X:\SIH 2K26\ml\dhwani\notebooks\spoof_generated\sarvam\hi\499b5239109e.wav
3e7990794221,sarvam_shubh,hi,2.05,sarvam,sarvam_bulbul_v3_shubh,shubh,1.0,spoof,tts,X:\SIH 2K26\ml\dhwani\notebooks\spoof_generated\sarvam\hi\3e7990794221.wav
141897959f1b,sarvam_priya,hi,4.35,sarvam,sarvam_bulbul_v3_priya,priya,1.0,spoof,tts,X:\SIH 2K26\ml\dhwani\notebooks\spoof_generated\sarvam\hi\141897959f1b.wav
128bea412dce,sarvam_rahul,hi,2.85,sarvam,sarvam_bulbul_v3_rahul,rahul,1.1,spoof,tts,X:\SIH 2K26\ml\dhwani\notebooks\spoof_generated\sarvam\hi\128bea412dce.wav
2daefbd7749b,sarvam_simran,hi,3.18,sarvam,sarvam_bulbul_v3_simran,simran,0.9,spoof,tts,X:\SIH 2K26\ml\dhwani\notebooks\spoof_generated\sarvam\hi\2daefbd7749b.wav
a1af93d62652,sarvam_aditya,hi,2.84,sarvam,sarvam_bulbul_v3_aditya,aditya,1.1,spoof,tts,X:\SIH 2K26\ml\dhwani\notebooks\spoof_generated\sarvam\hi\a1af93d62652.wav
ec39c8af46ed,sarvam_shubh,hi,2.39,sarvam,sarvam_bulbul_v3_shubh,shubh,1.0,spoof,tts,X:\SIH 2K26\ml\dhwani\notebooks\spoof_generated\sarvam\hi\ec39c8af46ed.wav
ddd109d553d6,sarvam_priya,hi,4.44,sarvam,sarvam_bulbul_v3_priya,priya,1.0,spoof,tts,X:\SIH 2K26\ml\dhwani\notebooks\spoof_generated\sarvam\hi\ddd109d553d6.wav
9eda70612ba2,sarvam_rahul,hi,4.01,sarvam,sarvam_bulbul_v3_rahul,rahul,1.0,spoof,tts,X:\SIH 2K26\ml\dhwani\notebooks\spoof_generated\sarvam\hi\9eda70612ba2.wav
eeb5e40e2399,sarvam_simran,hi,3.16,sarvam,sarvam_bulbul_v3_simran,simran,1.0,spoof,tts,X:\SIH 2K26\ml\dhwani\notebooks\spoof_generated\sarvam\hi\eeb5e40e2399.wav
4083900a62ee,sarvam_aditya,hi,3.62,sarvam,sarvam_bulbul_v3_aditya,aditya,1.1,spoof,tts,X:\SIH 2K26\ml\dhwani\notebooks\spoof_generated\sarvam\hi\4083900a62ee.wav
bc5ddf236e2f,sarvam_shubh,hi,1.76,sarvam,sarvam_bulbul_v3_shubh,shubh,1.1,spoof,tts,X:\SIH 2K26\ml\dhwani\notebooks\spoof_generated\sarvam\hi\bc5ddf236e2f.wav
d9075c50200e,sarvam_priya,hi,2.85,sarvam,sarvam_bulbul_v3_priya,priya,1.1,spoof,tts,X:\SIH 2K26\ml\dhwani\notebooks\spoof_generated\sarvam\hi\d9075c50200e.wav
77fbb5061392,sarvam_rahul,hi,2.77,sarvam,sarvam_bulbul_v3_rahul,rahul,1.1,spoof,tts,X:\SIH 2K26\ml\dhwani\notebooks\spoof_generated\sarvam\hi\77fbb5061392.wav
e3b5d755c4ad,sarvam_simran,hi,4.18,sarvam,sarvam_bulbul_v3_simran,simran,1.0,spoof,tts,X:\SIH 2K26\ml\dhwani\notebooks\spoof_generated\sarvam\hi\e3b5d755c4ad.wav
4fe1042d4c7d,sarvam_aditya,hi,2.65,sarvam,sarvam_bulbul_v3_aditya,aditya,1.0,spoof,tts,X:\SIH 2K26\ml\dhwani\notebooks\spoof_generated\sarvam\hi\4fe1042d4c7d.wav
dcf7488c334a,sarvam_shubh,hi,3.18,sarvam,sarvam_bulbul_v3_shubh,shubh,0.9,spoof,tts,X:\SIH 2K26\ml\dhwani\notebooks\spoof_generated\sarvam\hi\dcf7488c334a.wav
17b4d089d19e,sarvam_priya,hi,4.27,sarvam,sarvam_bulbul_v3_priya,priya,1.0,spoof,tts,X:\SIH 2K26\ml\dhwani\notebooks\spoof_generated\sarvam\hi\17b4d089d19e.wav
9de88e75fff6,sarvam_rahul,hi,3.67,sarvam,sarvam_bulbul_v3_rahul,rahul,1.0,spoof,tts,X:\SIH 2K26\ml\dhwani\notebooks\spoof_generated\sarvam\hi\9de88e75fff6.wav
87f54198676f,sarvam_simran,hi,3.33,sarvam,sarvam_bulbul_v3_simran,simran,1.0,spoof,tts,X:\SIH 2K26\ml\dhwani\notebooks\spoof_generated\sarvam\hi\87f54198676f.wav
8bf43b3ec35f,sarvam_aditya,hi,3.33,sarvam,sarvam_bulbul_v3_aditya,aditya,1.0,spoof,tts,X:\SIH 2K26\ml\dhwani\notebooks\spoof_generated\sarvam\hi\8bf43b3ec35f.wav
11c8cbeb2a69,sarvam_shubh,hi,1.92,sarvam,sarvam_bulbul_v3_shubh,shubh,1.1,spoof,tts,X:\SIH 2K26\ml\dhwani\notebooks\spoof_generated\sarvam\hi\11c8cbeb2a69.wav
60dfd97f6b8c,sarvam_priya,hi,2.91,sarvam,sarvam_bulbul_v3_priya,priya,1.1,spoof,tts,X:\SIH 2K26\ml\dhwani\notebooks\spoof_generated\sarvam\hi\60dfd97f6b8c.wav
5841b3a7f976,sarvam_rahul,hi,2.85,sarvam,sarvam_bulbul_v3_rahul,rahul,1.1,spoof,tts,X:\SIH 2K26\ml\dhwani\notebooks\spoof_generated\sarvam\hi\5841b3a7f976.wav
45db25933a7b,sarvam_simran,hi,2.39,sarvam,sarvam_bulbul_v3_simran,simran,1.1,spoof,tts,X:\SIH 2K26\ml\dhwani\notebooks\spoof_generated\sarvam\hi\45db25933a7b.wav
a4a38b747dd1,sarvam_aditya,hi,3.5,sarvam,sarvam_bulbul_v3_aditya,aditya,1.0,spoof,tts,X:\SIH 2K26\ml\dhwani\notebooks\spoof_generated\sarvam\hi\a4a38b747dd1.wav
95e3c7796dd2,sarvam_shubh,en,2.72,sarvam,sarvam_bulbul_v3_shubh,shubh,0.9,spoof,tts,X:\SIH 2K26\ml\dhwani\notebooks\spoof_generated\sarvam\en\95e3c7796dd2.wav
a4a1d145d158,sarvam_priya,en,4.9,sarvam,sarvam_bulbul_v3_priya,priya,0.9,spoof,tts,X:\SIH 2K26\ml\dhwani\notebooks\spoof_generated\sarvam\en\a4a1d145d158.wav
5ac35c459c2e,sarvam_rahul,en,4.47,sarvam,sarvam_bulbul_v3_rahul,rahul,1.1,spoof,tts,X:\SIH 2K26\ml\dhwani\notebooks\spoof_generated\sarvam\en\5ac35c459c2e.wav
5d1669fe1d0d,sarvam_simran,en,2.82,sarvam,sarvam_bulbul_v3_simran,simran,1.0,spoof,tts,X:\SIH 2K26\ml\dhwani\notebooks\spoof_generated\sarvam\en\5d1669fe1d0d.wav
0da52a08b869,sarvam_aditya,en,5.12,sarvam,sarvam_bulbul_v3_aditya,aditya,1.0,spoof,tts,X:\SIH 2K26\ml\dhwani\notebooks\spoof_generated\sarvam\en\0da52a08b869.wav
40188599ca16,sarvam_shubh,en,2.53,sarvam,sarvam_bulbul_v3_shubh,shubh,0.9,spoof,tts,X:\SIH 2K26\ml\dhwani\notebooks\spoof_generated\sarvam\en\40188599ca16.wav
a19eaaf84a83,sarvam_priya,en,2.68,sarvam,sarvam_bulbul_v3_priya,priya,1.1,spoof,tts,X:\SIH 2K26\ml\dhwani\notebooks\spoof_generated\sarvam\en\a19eaaf84a83.wav
989f1a1f6122,sarvam_rahul,en,2.82,sarvam,sarvam_bulbul_v3_rahul,rahul,1.0,spoof,tts,X:\SIH 2K26\ml\dhwani\notebooks\spoof_generated\sarvam\en\989f1a1f6122.wav
468b13009951,sarvam_simran,en,2.99,sarvam,sarvam_bulbul_v3_simran,simran,1.0,spoof,tts,X:\SIH 2K26\ml\dhwani\notebooks\spoof_generated\sarvam\en\468b13009951.wav
0b27cf38fa0b,sarvam_aditya,en,3.5,sarvam,sarvam_bulbul_v3_aditya,aditya,1.0,spoof,tts,X:\SIH 2K26\ml\dhwani\notebooks\spoof_generated\sarvam\en\0b27cf38fa0b.wav
a2c77a9c5e38,sarvam_shubh,en,3.16,sarvam,sarvam_bulbul_v3_shubh,shubh,1.0,spoof,tts,X:\SIH 2K26\ml\dhwani\notebooks\spoof_generated\sarvam\en\a2c77a9c5e38.wav
be23b81416d6,sarvam_priya,en,5.47,sarvam,sarvam_bulbul_v3_priya,priya,0.9,spoof,tts,X:\SIH 2K26\ml\dhwani\notebooks\spoof_generated\sarvam\en\be23b81416d6.wav
f33d3cfff15e,sarvam_rahul,en,4.53,sarvam,sarvam_bulbul_v3_rahul,rahul,0.9,spoof,tts,X:\SIH 2K26\ml\dhwani\notebooks\spoof_generated\sarvam\en\f33d3cfff15e.wav
e96957f9abce,sarvam_simran,en,3.58,sarvam,sarvam_bulbul_v3_simran,simran,0.9,spoof,tts,X:\SIH 2K26\ml\dhwani\notebooks\spoof_generated\sarvam\en\e96957f9abce.wav
4b1989ddf9b4,sarvam_aditya,en,4.18,sarvam,sarvam_bulbul_v3_aditya,aditya,1.0,spoof,tts,X:\SIH 2K26\ml\dhwani\notebooks\spoof_generated\sarvam\en\4b1989ddf9b4.wav
26065ccd7567,sarvam_shubh,en,2.82,sarvam,sarvam_bulbul_v3_shubh,shubh,1.0,spoof,tts,X:\SIH 2K26\ml\dhwani\notebooks\spoof_generated\sarvam\en\26065ccd7567.wav
0a03b020ba34,sarvam_priya,en,3.84,sarvam,sarvam_bulbul_v3_priya,priya,1.0,spoof,tts,X:\SIH 2K26\ml\dhwani\notebooks\spoof_generated\sarvam\en\0a03b020ba34.wav
a4b7ed608e9d,sarvam_rahul,en,3.46,sarvam,sarvam_bulbul_v3_rahul,rahul,1.1,spoof,tts,X:\SIH 2K26\ml\dhwani\notebooks\spoof_generated\sarvam\en\a4b7ed608e9d.wav
5412dcf261b8,sarvam_simran,en,3.75,sarvam,sarvam_bulbul_v3_simran,simran,1.0,spoof,tts,X:\SIH 2K26\ml\dhwani\notebooks\spoof_generated\sarvam\en\5412dcf261b8.wav
42500ed6f659,sarvam_aditya,en,3.94,sarvam,sarvam_bulbul_v3_aditya,aditya,1.1,spoof,tts,X:\SIH 2K26\ml\dhwani\notebooks\spoof_generated\sarvam\en\42500ed6f659.wav
557c67142cdd,sarvam_shubh,en,2.65,sarvam,sarvam_bulbul_v3_shubh,shubh,1.0,spoof,tts,X:\SIH 2K26\ml\dhwani\notebooks\spoof_generated\sarvam\en\557c67142cdd.wav
06f3bdee6f66,sarvam_priya,en,3.84,sarvam,sarvam_bulbul_v3_priya,priya,1.0,spoof,tts,X:\SIH 2K26\ml\dhwani\notebooks\spoof_generated\sarvam\en\06f3bdee6f66.wav
a075a04e4823,sarvam_rahul,en,3.1,sarvam,sarvam_bulbul_v3_rahul,rahul,0.9,spoof,tts,X:\SIH 2K26\ml\dhwani\notebooks\spoof_generated\sarvam\en\a075a04e4823.wav
d9615d1b4c0b,sarvam_simran,en,3.39,sarvam,sarvam_bulbul_v3_simran,simran,0.9,spoof,tts,X:\SIH 2K26\ml\dhwani\notebooks\spoof_generated\sarvam\en\d9615d1b4c0b.wav
b701ebde4fc1,sarvam_aditya,en,3.58,sarvam,sarvam_bulbul_v3_aditya,aditya,1.0,spoof,tts,X:\SIH 2K26\ml\dhwani\notebooks\spoof_generated\sarvam\en\b701ebde4fc1.wav
a0e40865addf,sarvam_shubh,en,2.32,sarvam,sarvam_bulbul_v3_shubh,shubh,1.1,spoof,tts,X:\SIH 2K26\ml\dhwani\notebooks\spoof_generated\sarvam\en\a0e40865addf.wav
2eb2292942ee,sarvam_priya,en,4.34,sarvam,sarvam_bulbul_v3_priya,priya,0.9,spoof,tts,X:\SIH 2K26\ml\dhwani\notebooks\spoof_generated\sarvam\en\2eb2292942ee.wav
732a0652e390,sarvam_rahul,en,3.23,sarvam,sarvam_bulbul_v3_rahul,rahul,1.1,spoof,tts,X:\SIH 2K26\ml\dhwani\notebooks\spoof_generated\sarvam\en\732a0652e390.wav
9862ea961164,sarvam_simran,en,3.19,sarvam,sarvam_bulbul_v3_simran,simran,0.9,spoof,tts,X:\SIH 2K26\ml\dhwani\notebooks\spoof_generated\sarvam\en\9862ea961164.wav
57cb519c04df,sarvam_aditya,en,4.24,sarvam,sarvam_bulbul_v3_aditya,aditya,0.9,spoof,tts,X:\SIH 2K26\ml\dhwani\notebooks\spoof_generated\sarvam\en\57cb519c04df.wav
7769dae427b7,sarvam_shubh,en,3.01,sarvam,sarvam_bulbul_v3_shubh,shubh,0.9,spoof,tts,X:\SIH 2K26\ml\dhwani\notebooks\spoof_generated\sarvam\en\7769dae427b7.wav
e57e868345c3,sarvam_priya,en,4.95,sarvam,sarvam_bulbul_v3_priya,priya,1.0,spoof,tts,X:\SIH 2K26\ml\dhwani\notebooks\spoof_generated\sarvam\en\e57e868345c3.wav
e32f8781bb1c,sarvam_rahul,en,5.8,sarvam,sarvam_bulbul_v3_rahul,rahul,1.0,spoof,tts,X:\SIH 2K26\ml\dhwani\notebooks\spoof_generated\sarvam\en\e32f8781bb1c.wav
434676fd5fe3,sarvam_simran,en,3.48,sarvam,sarvam_bulbul_v3_simran,simran,0.9,spoof,tts,X:\SIH 2K26\ml\dhwani\notebooks\spoof_generated\sarvam\en\434676fd5fe3.wav
6829cef59922,sarvam_aditya,en,3.67,sarvam,sarvam_bulbul_v3_aditya,aditya,1.0,spoof,tts,X:\SIH 2K26\ml\dhwani\notebooks\spoof_generated\sarvam\en\6829cef59922.wav
9d3a2ae81561,sarvam_shubh,en,2.82,sarvam,sarvam_bulbul_v3_shubh,shubh,1.0,spoof,tts,X:\SIH 2K26\ml\dhwani\notebooks\spoof_generated\sarvam\en\9d3a2ae81561.wav
655bc82e060f,sarvam_priya,en,4.86,sarvam,sarvam_bulbul_v3_priya,priya,1.0,spoof,tts,X:\SIH 2K26\ml\dhwani\notebooks\spoof_generated\sarvam\en\655bc82e060f.wav
b8134a65bf2a,sarvam_rahul,en,4.01,sarvam,sarvam_bulbul_v3_rahul,rahul,1.1,spoof,tts,X:\SIH 2K26\ml\dhwani\notebooks\spoof_generated\sarvam\en\b8134a65bf2a.wav
5ab3879fdcd8,sarvam_simran,en,3.58,sarvam,sarvam_bulbul_v3_simran,simran,1.0,spoof,tts,X:\SIH 2K26\ml\dhwani\notebooks\spoof_generated\sarvam\en\5ab3879fdcd8.wav
7b0b6d32eb67,sarvam_aditya,en,3.33,sarvam,sarvam_bulbul_v3_aditya,aditya,1.1,spoof,tts,X:\SIH 2K26\ml\dhwani\notebooks\spoof_generated\sarvam\en\7b0b6d32eb67.wav
ec372a20fc94,sarvam_shubh,en,2.91,sarvam,sarvam_bulbul_v3_shubh,shubh,1.1,spoof,tts,X:\SIH 2K26\ml\dhwani\notebooks\spoof_generated\sarvam\en\ec372a20fc94.wav
f9e44e7017eb,sarvam_priya,en,4.13,sarvam,sarvam_bulbul_v3_priya,priya,1.1,spoof,tts,X:\SIH 2K26\ml\dhwani\notebooks\spoof_generated\sarvam\en\f9e44e7017eb.wav
433647a077ba,sarvam_rahul,en,4.1,sarvam,sarvam_bulbul_v3_rahul,rahul,1.0,spoof,tts,X:\SIH 2K26\ml\dhwani\notebooks\spoof_generated\sarvam\en\433647a077ba.wav
0eb5bfd01856,sarvam_simran,en,3.33,sarvam,sarvam_bulbul_v3_simran,simran,1.0,spoof,tts,X:\SIH 2K26\ml\dhwani\notebooks\spoof_generated\sarvam\en\0eb5bfd01856.wav
cd6c1296fd65,sarvam_aditya,en,4.06,sarvam,sarvam_bulbul_v3_aditya,aditya,0.9,spoof,tts,X:\SIH 2K26\ml\dhwani\notebooks\spoof_generated\sarvam\en\cd6c1296fd65.wav
b6de7d43c438,sarvam_shubh,en,2.82,sarvam,sarvam_bulbul_v3_shubh,shubh,1.0,spoof,tts,X:\SIH 2K26\ml\dhwani\notebooks\spoof_generated\sarvam\en\b6de7d43c438.wav
6d18ebc06701,sarvam_priya,en,3.58,sarvam,sarvam_bulbul_v3_priya,priya,1.0,spoof,tts,X:\SIH 2K26\ml\dhwani\notebooks\spoof_generated\sarvam\en\6d18ebc06701.wav
dc5c2b8e5931,sarvam_rahul,en,2.77,sarvam,sarvam_bulbul_v3_rahul,rahul,1.1,spoof,tts,X:\SIH 2K26\ml\dhwani\notebooks\spoof_generated\sarvam\en\dc5c2b8e5931.wav
055232125849,sarvam_simran,en,6.23,sarvam,sarvam_bulbul_v3_simran,simran,0.9,spoof,tts,X:\SIH 2K26\ml\dhwani\notebooks\spoof_generated\sarvam\en\055232125849.wav
7becf506fea9,sarvam_aditya,en,4.15,sarvam,sarvam_bulbul_v3_aditya,aditya,0.9,spoof,tts,X:\SIH 2K26\ml\dhwani\notebooks\spoof_generated\sarvam\en\7becf506fea9.wav
9da2006621fd,sarvam_shubh,mr,3.41,sarvam,sarvam_bulbul_v3_shubh,shubh,1.0,spoof,tts,X:\SIH 2K26\ml\dhwani\notebooks\spoof_generated\sarvam\mr\9da2006621fd.wav
707e1d184d22,sarvam_priya,mr,3.5,sarvam,sarvam_bulbul_v3_priya,priya,1.0,spoof,tts,X:\SIH 2K26\ml\dhwani\notebooks\spoof_generated\sarvam\mr\707e1d184d22.wav
ca53c1e1bbc9,sarvam_rahul,mr,3.67,sarvam,sarvam_bulbul_v3_rahul,rahul,1.0,spoof,tts,X:\SIH 2K26\ml\dhwani\notebooks\spoof_generated\sarvam\mr\ca53c1e1bbc9.wav
394c8b8c13ad,sarvam_simran,mr,3.11,sarvam,sarvam_bulbul_v3_simran,simran,0.9,spoof,tts,X:\SIH 2K26\ml\dhwani\notebooks\spoof_generated\sarvam\mr\394c8b8c13ad.wav
d62bf4124abb,sarvam_aditya,mr,4.69,sarvam,sarvam_bulbul_v3_aditya,aditya,1.0,spoof,tts,X:\SIH 2K26\ml\dhwani\notebooks\spoof_generated\sarvam\mr\d62bf4124abb.wav
86e29700240e,sarvam_shubh,mr,2.47,sarvam,sarvam_bulbul_v3_shubh,shubh,1.0,spoof,tts,X:\SIH 2K26\ml\dhwani\notebooks\spoof_generated\sarvam\mr\86e29700240e.wav
96502739c261,sarvam_priya,mr,3.24,sarvam,sarvam_bulbul_v3_priya,priya,1.0,spoof,tts,X:\SIH 2K26\ml\dhwani\notebooks\spoof_generated\sarvam\mr\96502739c261.wav
7b7be05938aa,sarvam_rahul,mr,4.44,sarvam,sarvam_bulbul_v3_rahul,rahul,1.0,spoof,tts,X:\SIH 2K26\ml\dhwani\notebooks\spoof_generated\sarvam\mr\7b7be05938aa.wav
4945d0ad3af0,sarvam_simran,mr,3.58,sarvam,sarvam_bulbul_v3_simran,simran,1.0,spoof,tts,X:\SIH 2K26\ml\dhwani\notebooks\spoof_generated\sarvam\mr\4945d0ad3af0.wav
4a7a09ca7da5,sarvam_aditya,mr,3.47,sarvam,sarvam_bulbul_v3_aditya,aditya,1.1,spoof,tts,X:\SIH 2K26\ml\dhwani\notebooks\spoof_generated\sarvam\mr\4a7a09ca7da5.wav
d9d93c3cb5f3,sarvam_shubh,mr,3.07,sarvam,sarvam_bulbul_v3_shubh,shubh,1.0,spoof,tts,X:\SIH 2K26\ml\dhwani\notebooks\spoof_generated\sarvam\mr\d9d93c3cb5f3.wav
80e1f47dcbbd,sarvam_priya,mr,3.16,sarvam,sarvam_bulbul_v3_priya,priya,1.1,spoof,tts,X:\SIH 2K26\ml\dhwani\notebooks\spoof_generated\sarvam\mr\80e1f47dcbbd.wav
810d8b0e6917,sarvam_rahul,mr,3.58,sarvam,sarvam_bulbul_v3_rahul,rahul,1.0,spoof,tts,X:\SIH 2K26\ml\dhwani\notebooks\spoof_generated\sarvam\mr\810d8b0e6917.wav
840fb2b1d712,sarvam_simran,mr,3.24,sarvam,sarvam_bulbul_v3_simran,simran,1.0,spoof,tts,X:\SIH 2K26\ml\dhwani\notebooks\spoof_generated\sarvam\mr\840fb2b1d712.wav
7227d82c6c5f,sarvam_aditya,mr,3.88,sarvam,sarvam_bulbul_v3_aditya,aditya,0.9,spoof,tts,X:\SIH 2K26\ml\dhwani\notebooks\spoof_generated\sarvam\mr\7227d82c6c5f.wav
fa938febfdd0,sarvam_shubh,mr,3.41,sarvam,sarvam_bulbul_v3_shubh,shubh,1.0,spoof,tts,X:\SIH 2K26\ml\dhwani\notebooks\spoof_generated\sarvam\mr\fa938febfdd0.wav
bda17c2bc800,sarvam_priya,mr,3.24,sarvam,sarvam_bulbul_v3_priya,priya,1.1,spoof,tts,X:\SIH 2K26\ml\dhwani\notebooks\spoof_generated\sarvam\mr\bda17c2bc800.wav
91bc525b0531,sarvam_rahul,mr,3.07,sarvam,sarvam_bulbul_v3_rahul,rahul,1.0,spoof,tts,X:\SIH 2K26\ml\dhwani\notebooks\spoof_generated\sarvam\mr\91bc525b0531.wav
f9fea17ef3ae,sarvam_simran,mr,2.22,sarvam,sarvam_bulbul_v3_simran,simran,1.0,spoof,tts,X:\SIH 2K26\ml\dhwani\notebooks\spoof_generated\sarvam\mr\f9fea17ef3ae.wav
14efe99c1c07,sarvam_aditya,mr,3.2,sarvam,sarvam_bulbul_v3_aditya,aditya,0.9,spoof,tts,X:\SIH 2K26\ml\dhwani\notebooks\spoof_generated\sarvam\mr\14efe99c1c07.wav
21e033d2f427,sarvam_shubh,mr,3.58,sarvam,sarvam_bulbul_v3_shubh,shubh,1.0,spoof,tts,X:\SIH 2K26\ml\dhwani\notebooks\spoof_generated\sarvam\mr\21e033d2f427.wav
d9fb67cde37e,sarvam_priya,mr,3.47,sarvam,sarvam_bulbul_v3_priya,priya,1.1,spoof,tts,X:\SIH 2K26\ml\dhwani\notebooks\spoof_generated\sarvam\mr\d9fb67cde37e.wav
20752eb7fd9c,sarvam_rahul,mr,3.4,sarvam,sarvam_bulbul_v3_rahul,rahul,0.9,spoof,tts,X:\SIH 2K26\ml\dhwani\notebooks\spoof_generated\sarvam\mr\20752eb7fd9c.wav
20220056592a,sarvam_simran,mr,2.4,sarvam,sarvam_bulbul_v3_simran,simran,1.1,spoof,tts,X:\SIH 2K26\ml\dhwani\notebooks\spoof_generated\sarvam\mr\20220056592a.wav
7f317a10417e,sarvam_aditya,mr,4.05,sarvam,sarvam_bulbul_v3_aditya,aditya,0.9,spoof,tts,X:\SIH 2K26\ml\dhwani\notebooks\spoof_generated\sarvam\mr\7f317a10417e.wav
b3203d6c1aa2,sarvam_shubh,mr,1.88,sarvam,sarvam_bulbul_v3_shubh,shubh,1.0,spoof,tts,X:\SIH 2K26\ml\dhwani\notebooks\spoof_generated\sarvam\mr\b3203d6c1aa2.wav
5dbb62573b70,sarvam_priya,mr,2.31,sarvam,sarvam_bulbul_v3_priya,priya,1.1,spoof,tts,X:\SIH 2K26\ml\dhwani\notebooks\spoof_generated\sarvam\mr\5dbb62573b70.wav
8d347e8342d9,sarvam_rahul,mr,3.07,sarvam,sarvam_bulbul_v3_rahul,rahul,1.0,spoof,tts,X:\SIH 2K26\ml\dhwani\notebooks\spoof_generated\sarvam\mr\8d347e8342d9.wav
ef66bf3bfcfa,sarvam_simran,mr,2.47,sarvam,sarvam_bulbul_v3_simran,simran,1.0,spoof,tts,X:\SIH 2K26\ml\dhwani\notebooks\spoof_generated\sarvam\mr\ef66bf3bfcfa.wav
0e258c84c0d1,sarvam_aditya,mr,2.56,sarvam,sarvam_bulbul_v3_aditya,aditya,1.0,spoof,tts,X:\SIH 2K26\ml\dhwani\notebooks\spoof_generated\sarvam\mr\0e258c84c0d1.wav
30b23f79625f,sarvam_shubh,mr,2.24,sarvam,sarvam_bulbul_v3_shubh,shubh,1.1,spoof,tts,X:\SIH 2K26\ml\dhwani\notebooks\spoof_generated\sarvam\mr\30b23f79625f.wav
0def047fe47e,sarvam_priya,mr,3.96,sarvam,sarvam_bulbul_v3_priya,priya,0.9,spoof,tts,X:\SIH 2K26\ml\dhwani\notebooks\spoof_generated\sarvam\mr\0def047fe47e.wav
ec1d56115435,sarvam_rahul,mr,3.16,sarvam,sarvam_bulbul_v3_rahul,rahul,1.0,spoof,tts,X:\SIH 2K26\ml\dhwani\notebooks\spoof_generated\sarvam\mr\ec1d56115435.wav
fc83fd587ecf,sarvam_simran,mr,2.73,sarvam,sarvam_bulbul_v3_simran,simran,0.9,spoof,tts,X:\SIH 2K26\ml\dhwani\notebooks\spoof_generated\sarvam\mr\fc83fd587ecf.wav
924c3a681a44,sarvam_aditya,mr,4.24,sarvam,sarvam_bulbul_v3_aditya,aditya,0.9,spoof,tts,X:\SIH 2K26\ml\dhwani\notebooks\spoof_generated\sarvam\mr\924c3a681a44.wav
3f6b7a831081,sarvam_shubh,mr,1.79,sarvam,sarvam_bulbul_v3_shubh,shubh,1.0,spoof,tts,X:\SIH 2K26\ml\dhwani\notebooks\spoof_generated\sarvam\mr\3f6b7a831081.wav
830b0a64c42a,sarvam_priya,mr,2.15,sarvam,sarvam_bulbul_v3_priya,priya,1.1,spoof,tts,X:\SIH 2K26\ml\dhwani\notebooks\spoof_generated\sarvam\mr\830b0a64c42a.wav
e0cccd7cc18b,sarvam_rahul,mr,2.16,sarvam,sarvam_bulbul_v3_rahul,rahul,1.1,spoof,tts,X:\SIH 2K26\ml\dhwani\notebooks\spoof_generated\sarvam\mr\e0cccd7cc18b.wav
ea17ca6dec59,sarvam_simran,mr,1.99,sarvam,sarvam_bulbul_v3_simran,simran,1.1,spoof,tts,X:\SIH 2K26\ml\dhwani\notebooks\spoof_generated\sarvam\mr\ea17ca6dec59.wav
2f60ad411a89,sarvam_aditya,mr,2.65,sarvam,sarvam_bulbul_v3_aditya,aditya,1.0,spoof,tts,X:\SIH 2K26\ml\dhwani\notebooks\spoof_generated\sarvam\mr\2f60ad411a89.wav
60b6c601ded1,sarvam_shubh,mr,3.24,sarvam,sarvam_bulbul_v3_shubh,shubh,1.1,spoof,tts,X:\SIH 2K26\ml\dhwani\notebooks\spoof_generated\sarvam\mr\60b6c601ded1.wav
a11897b4b09c,sarvam_priya,mr,3.41,sarvam,sarvam_bulbul_v3_priya,priya,1.0,spoof,tts,X:\SIH 2K26\ml\dhwani\notebooks\spoof_generated\sarvam\mr\a11897b4b09c.wav
4ea34d1ce3ae,sarvam_rahul,mr,2.82,sarvam,sarvam_bulbul_v3_rahul,rahul,1.0,spoof,tts,X:\SIH 2K26\ml\dhwani\notebooks\spoof_generated\sarvam\mr\4ea34d1ce3ae.wav
5fb1fe69352e,sarvam_simran,mr,2.52,sarvam,sarvam_bulbul_v3_simran,simran,1.1,spoof,tts,X:\SIH 2K26\ml\dhwani\notebooks\spoof_generated\sarvam\mr\5fb1fe69352e.wav
dd6923f6cde7,sarvam_aditya,mr,3.94,sarvam,sarvam_bulbul_v3_aditya,aditya,1.1,spoof,tts,X:\SIH 2K26\ml\dhwani\notebooks\spoof_generated\sarvam\mr\dd6923f6cde7.wav
05b57386f8ae,sarvam_shubh,mr,3.07,sarvam,sarvam_bulbul_v3_shubh,shubh,1.0,spoof,tts,X:\SIH 2K26\ml\dhwani\notebooks\spoof_generated\sarvam\mr\05b57386f8ae.wav
1d484bfcef2f,sarvam_priya,mr,3.67,sarvam,sarvam_bulbul_v3_priya,priya,1.0,spoof,tts,X:\SIH 2K26\ml\dhwani\notebooks\spoof_generated\sarvam\mr\1d484bfcef2f.wav
bd2b810f1c5b,sarvam_rahul,mr,2.82,sarvam,sarvam_bulbul_v3_rahul,rahul,1.0,spoof,tts,X:\SIH 2K26\ml\dhwani\notebooks\spoof_generated\sarvam\mr\bd2b810f1c5b.wav
001964277b77,sarvam_simran,mr,3.39,sarvam,sarvam_bulbul_v3_simran,simran,0.9,spoof,tts,X:\SIH 2K26\ml\dhwani\notebooks\spoof_generated\sarvam\mr\001964277b77.wav
138d74d1bea2,sarvam_aditya,mr,3.48,sarvam,sarvam_bulbul_v3_aditya,aditya,1.1,spoof,tts,X:\SIH 2K26\ml\dhwani\notebooks\spoof_generated\sarvam\mr\138d74d1bea2.wav
d80d91ac79fa,sarvam_shubh,gu,3.16,sarvam,sarvam_bulbul_v3_shubh,shubh,1.0,spoof,tts,X:\SIH 2K26\ml\dhwani\notebooks\spoof_generated\sarvam\gu\d80d91ac79fa.wav
068ccbc4d264,sarvam_priya,gu,3.67,sarvam,sarvam_bulbul_v3_priya,priya,0.9,spoof,tts,X:\SIH 2K26\ml\dhwani\notebooks\spoof_generated\sarvam\gu\068ccbc4d264.wav
23af597df24e,sarvam_rahul,gu,3.01,sarvam,sarvam_bulbul_v3_rahul,rahul,1.1,spoof,tts,X:\SIH 2K26\ml\dhwani\notebooks\spoof_generated\sarvam\gu\23af597df24e.wav
85143ae08a04,sarvam_simran,gu,2.99,sarvam,sarvam_bulbul_v3_simran,simran,1.0,spoof,tts,X:\SIH 2K26\ml\dhwani\notebooks\spoof_generated\sarvam\gu\85143ae08a04.wav
a3bc4ae78b13,sarvam_aditya,gu,3.33,sarvam,sarvam_bulbul_v3_aditya,aditya,1.0,spoof,tts,X:\SIH 2K26\ml\dhwani\notebooks\spoof_generated\sarvam\gu\a3bc4ae78b13.wav
1a84ee6cafeb,sarvam_shubh,gu,3.1,sarvam,sarvam_bulbul_v3_shubh,shubh,0.9,spoof,tts,X:\SIH 2K26\ml\dhwani\notebooks\spoof_generated\sarvam\gu\1a84ee6cafeb.wav
473962b873d9,sarvam_priya,gu,2.78,sarvam,sarvam_bulbul_v3_priya,priya,1.1,spoof,tts,X:\SIH 2K26\ml\dhwani\notebooks\spoof_generated\sarvam\gu\473962b873d9.wav
8f7f9b24105b,sarvam_rahul,gu,4.43,sarvam,sarvam_bulbul_v3_rahul,rahul,0.9,spoof,tts,X:\SIH 2K26\ml\dhwani\notebooks\spoof_generated\sarvam\gu\8f7f9b24105b.wav
026f21f2e14a,sarvam_simran,gu,2.99,sarvam,sarvam_bulbul_v3_simran,simran,1.0,spoof,tts,X:\SIH 2K26\ml\dhwani\notebooks\spoof_generated\sarvam\gu\026f21f2e14a.wav
001a84fc51bb,sarvam_aditya,gu,3.86,sarvam,sarvam_bulbul_v3_aditya,aditya,0.9,spoof,tts,X:\SIH 2K26\ml\dhwani\notebooks\spoof_generated\sarvam\gu\001a84fc51bb.wav
1f605831867a,sarvam_shubh,gu,3.32,sarvam,sarvam_bulbul_v3_shubh,shubh,1.1,spoof,tts,X:\SIH 2K26\ml\dhwani\notebooks\spoof_generated\sarvam\gu\1f605831867a.wav
5e80fda33473,sarvam_priya,gu,4.27,sarvam,sarvam_bulbul_v3_priya,priya,1.0,spoof,tts,X:\SIH 2K26\ml\dhwani\notebooks\spoof_generated\sarvam\gu\5e80fda33473.wav
3ba0a8db1441,sarvam_rahul,gu,3.67,sarvam,sarvam_bulbul_v3_rahul,rahul,1.0,spoof,tts,X:\SIH 2K26\ml\dhwani\notebooks\spoof_generated\sarvam\gu\3ba0a8db1441.wav
413f0c93cc78,sarvam_simran,gu,3.46,sarvam,sarvam_bulbul_v3_simran,simran,1.1,spoof,tts,X:\SIH 2K26\ml\dhwani\notebooks\spoof_generated\sarvam\gu\413f0c93cc78.wav
78d22c259c24,sarvam_aditya,gu,3.7,sarvam,sarvam_bulbul_v3_aditya,aditya,1.1,spoof,tts,X:\SIH 2K26\ml\dhwani\notebooks\spoof_generated\sarvam\gu\78d22c259c24.wav
f289dd4652be,sarvam_shubh,gu,3.87,sarvam,sarvam_bulbul_v3_shubh,shubh,0.9,spoof,tts,X:\SIH 2K26\ml\dhwani\notebooks\spoof_generated\sarvam\gu\f289dd4652be.wav
4fb38a93d3ea,sarvam_priya,gu,4.62,sarvam,sarvam_bulbul_v3_priya,priya,0.9,spoof,tts,X:\SIH 2K26\ml\dhwani\notebooks\spoof_generated\sarvam\gu\4fb38a93d3ea.wav
d5e166798f03,sarvam_rahul,gu,3.78,sarvam,sarvam_bulbul_v3_rahul,rahul,0.9,spoof,tts,X:\SIH 2K26\ml\dhwani\notebooks\spoof_generated\sarvam\gu\d5e166798f03.wav
705fcf66eae0,sarvam_simran,gu,3.33,sarvam,sarvam_bulbul_v3_simran,simran,1.0,spoof,tts,X:\SIH 2K26\ml\dhwani\notebooks\spoof_generated\sarvam\gu\705fcf66eae0.wav
abc8b7f70e2d,sarvam_aditya,gu,4.27,sarvam,sarvam_bulbul_v3_aditya,aditya,1.0,spoof,tts,X:\SIH 2K26\ml\dhwani\notebooks\spoof_generated\sarvam\gu\abc8b7f70e2d.wav
d76b0a293cd9,sarvam_shubh,gu,2.47,sarvam,sarvam_bulbul_v3_shubh,shubh,1.0,spoof,tts,X:\SIH 2K26\ml\dhwani\notebooks\spoof_generated\sarvam\gu\d76b0a293cd9.wav
111c01101462,sarvam_priya,gu,3.75,sarvam,sarvam_bulbul_v3_priya,priya,1.0,spoof,tts,X:\SIH 2K26\ml\dhwani\notebooks\spoof_generated\sarvam\gu\111c01101462.wav
18300de2d6c3,sarvam_rahul,gu,2.93,sarvam,sarvam_bulbul_v3_rahul,rahul,1.1,spoof,tts,X:\SIH 2K26\ml\dhwani\notebooks\spoof_generated\sarvam\gu\18300de2d6c3.wav
0e10fd0c3499,sarvam_simran,gu,2.82,sarvam,sarvam_bulbul_v3_simran,simran,1.0,spoof,tts,X:\SIH 2K26\ml\dhwani\notebooks\spoof_generated\sarvam\gu\0e10fd0c3499.wav
7073e285937f,sarvam_aditya,gu,4.05,sarvam,sarvam_bulbul_v3_aditya,aditya,0.9,spoof,tts,X:\SIH 2K26\ml\dhwani\notebooks\spoof_generated\sarvam\gu\7073e285937f.wav
6fffac5d48d2,sarvam_shubh,gu,2.7,sarvam,sarvam_bulbul_v3_shubh,shubh,1.1,spoof,tts,X:\SIH 2K26\ml\dhwani\notebooks\spoof_generated\sarvam\gu\6fffac5d48d2.wav
4f55d457ea62,sarvam_priya,gu,3.96,sarvam,sarvam_bulbul_v3_priya,priya,0.9,spoof,tts,X:\SIH 2K26\ml\dhwani\notebooks\spoof_generated\sarvam\gu\4f55d457ea62.wav
9065a392d50b,sarvam_rahul,gu,2.6,sarvam,sarvam_bulbul_v3_rahul,rahul,1.1,spoof,tts,X:\SIH 2K26\ml\dhwani\notebooks\spoof_generated\sarvam\gu\9065a392d50b.wav
e0d63fda1af2,sarvam_simran,gu,3.39,sarvam,sarvam_bulbul_v3_simran,simran,0.9,spoof,tts,X:\SIH 2K26\ml\dhwani\notebooks\spoof_generated\sarvam\gu\e0d63fda1af2.wav
05739b09370a,sarvam_aditya,gu,3.94,sarvam,sarvam_bulbul_v3_aditya,aditya,1.1,spoof,tts,X:\SIH 2K26\ml\dhwani\notebooks\spoof_generated\sarvam\gu\05739b09370a.wav
267ef0e9f5f4,sarvam_shubh,gu,3.2,sarvam,sarvam_bulbul_v3_shubh,shubh,0.9,spoof,tts,X:\SIH 2K26\ml\dhwani\notebooks\spoof_generated\sarvam\gu\267ef0e9f5f4.wav
baeb4461e665,sarvam_priya,gu,3.96,sarvam,sarvam_bulbul_v3_priya,priya,0.9,spoof,tts,X:\SIH 2K26\ml\dhwani\notebooks\spoof_generated\sarvam\gu\baeb4461e665.wav
28d4c5f3aac7,sarvam_rahul,gu,4.15,sarvam,sarvam_bulbul_v3_rahul,rahul,0.9,spoof,tts,X:\SIH 2K26\ml\dhwani\notebooks\spoof_generated\sarvam\gu\28d4c5f3aac7.wav
6b5b30091794,sarvam_simran,gu,3.1,sarvam,sarvam_bulbul_v3_simran,simran,0.9,spoof,tts,X:\SIH 2K26\ml\dhwani\notebooks\spoof_generated\sarvam\gu\6b5b30091794.wav
a25c662a9489,sarvam_aditya,gu,3.16,sarvam,sarvam_bulbul_v3_aditya,aditya,1.1,spoof,tts,X:\SIH 2K26\ml\dhwani\notebooks\spoof_generated\sarvam\gu\a25c662a9489.wav
df30565349ec,sarvam_shubh,gu,3.16,sarvam,sarvam_bulbul_v3_shubh,shubh,1.0,spoof,tts,X:\SIH 2K26\ml\dhwani\notebooks\spoof_generated\sarvam\gu\df30565349ec.wav
b82f9793b25e,sarvam_priya,gu,4.43,sarvam,sarvam_bulbul_v3_priya,priya,0.9,spoof,tts,X:\SIH 2K26\ml\dhwani\notebooks\spoof_generated\sarvam\gu\b82f9793b25e.wav
5eb2e4d8b5db,sarvam_rahul,gu,3.33,sarvam,sarvam_bulbul_v3_rahul,rahul,1.0,spoof,tts,X:\SIH 2K26\ml\dhwani\notebooks\spoof_generated\sarvam\gu\5eb2e4d8b5db.wav
8735162000ac,sarvam_simran,gu,2.54,sarvam,sarvam_bulbul_v3_simran,simran,1.1,spoof,tts,X:\SIH 2K26\ml\dhwani\notebooks\spoof_generated\sarvam\gu\8735162000ac.wav
80cb136e77b9,sarvam_aditya,gu,4.43,sarvam,sarvam_bulbul_v3_aditya,aditya,0.9,spoof,tts,X:\SIH 2K26\ml\dhwani\notebooks\spoof_generated\sarvam\gu\80cb136e77b9.wav
c03459e08dcd,sarvam_shubh,gu,2.47,sarvam,sarvam_bulbul_v3_shubh,shubh,1.0,spoof,tts,X:\SIH 2K26\ml\dhwani\notebooks\spoof_generated\sarvam\gu\c03459e08dcd.wav
b5e74464fb84,sarvam_priya,gu,3.4,sarvam,sarvam_bulbul_v3_priya,priya,0.9,spoof,tts,X:\SIH 2K26\ml\dhwani\notebooks\spoof_generated\sarvam\gu\b5e74464fb84.wav
e04322fc3c52,sarvam_rahul,gu,2.91,sarvam,sarvam_bulbul_v3_rahul,rahul,0.9,spoof,tts,X:\SIH 2K26\ml\dhwani\notebooks\spoof_generated\sarvam\gu\e04322fc3c52.wav
28df28e38cbf,sarvam_simran,gu,2.82,sarvam,sarvam_bulbul_v3_simran,simran,1.0,spoof,tts,X:\SIH 2K26\ml\dhwani\notebooks\spoof_generated\sarvam\gu\28df28e38cbf.wav
76e4f1c3bc1e,sarvam_aditya,gu,3.11,sarvam,sarvam_bulbul_v3_aditya,aditya,0.9,spoof,tts,X:\SIH 2K26\ml\dhwani\notebooks\spoof_generated\sarvam\gu\76e4f1c3bc1e.wav
e42d57e56b97,sarvam_shubh,gu,3.96,sarvam,sarvam_bulbul_v3_shubh,shubh,0.9,spoof,tts,X:\SIH 2K26\ml\dhwani\notebooks\spoof_generated\sarvam\gu\e42d57e56b97.wav
2b0a11eae2ec,sarvam_priya,gu,4.78,sarvam,sarvam_bulbul_v3_priya,priya,1.0,spoof,tts,X:\SIH 2K26\ml\dhwani\notebooks\spoof_generated\sarvam\gu\2b0a11eae2ec.wav
76ec80a2973b,sarvam_rahul,gu,3.75,sarvam,sarvam_bulbul_v3_rahul,rahul,1.0,spoof,tts,X:\SIH 2K26\ml\dhwani\notebooks\spoof_generated\sarvam\gu\76ec80a2973b.wav
0f73692cecd8,sarvam_simran,gu,3.75,sarvam,sarvam_bulbul_v3_simran,simran,1.0,spoof,tts,X:\SIH 2K26\ml\dhwani\notebooks\spoof_generated\sarvam\gu\0f73692cecd8.wav
93928e3d6ae2,sarvam_aditya,gu,5.03,sarvam,sarvam_bulbul_v3_aditya,aditya,1.0,spoof,tts,X:\SIH 2K26\ml\dhwani\notebooks\spoof_generated\sarvam\gu\93928e3d6ae2.wav
460aa5024781,elevenlabs_george,en,3.12,elevenlabs,elevenlabs_v3_george,George,1.0,spoof,tts,X:\SIH 2K26\ml\dhwani\notebooks\spoof_generated\elevenlabs\en\460aa5024781.wav
0d3f6d3402ae,elevenlabs_george,en,2.56,elevenlabs,elevenlabs_v3_george,George,1.0,spoof,tts,X:\SIH 2K26\ml\dhwani\notebooks\spoof_generated\elevenlabs\en\0d3f6d3402ae.wav
025f7d416909,elevenlabs_george,en,3.68,elevenlabs,elevenlabs_v3_george,George,1.0,spoof,tts,X:\SIH 2K26\ml\dhwani\notebooks\spoof_generated\elevenlabs\en\025f7d416909.wav
2852c6a488c2,elevenlabs_george,en,4.0,elevenlabs,elevenlabs_v3_george,George,1.0,spoof,tts,X:\SIH 2K26\ml\dhwani\notebooks\spoof_generated\elevenlabs\en\2852c6a488c2.wav
21c7038026c4,elevenlabs_george,en,3.2,elevenlabs,elevenlabs_v3_george,George,1.0,spoof,tts,X:\SIH 2K26\ml\dhwani\notebooks\spoof_generated\elevenlabs\en\21c7038026c4.wav
af78cff159a8,elevenlabs_george,en,3.44,elevenlabs,elevenlabs_v3_george,George,1.0,spoof,tts,X:\SIH 2K26\ml\dhwani\notebooks\spoof_generated\elevenlabs\en\af78cff159a8.wav
1b25cbfeb21e,elevenlabs_george,en,3.44,elevenlabs,elevenlabs_v3_george,George,1.0,spoof,tts,X:\SIH 2K26\ml\dhwani\notebooks\spoof_generated\elevenlabs\en\1b25cbfeb21e.wav
43eedda1526c,elevenlabs_george,en,3.36,elevenlabs,elevenlabs_v3_george,George,1.0,spoof,tts,X:\SIH 2K26\ml\dhwani\notebooks\spoof_generated\elevenlabs\en\43eedda1526c.wav
59b753addeaa,elevenlabs_george,en,3.28,elevenlabs,elevenlabs_v3_george,George,1.0,spoof,tts,X:\SIH 2K26\ml\dhwani\notebooks\spoof_generated\elevenlabs\en\59b753addeaa.wav
201c0dcde165,elevenlabs_george,en,4.0,elevenlabs,elevenlabs_v3_george,George,1.0,spoof,tts,X:\SIH 2K26\ml\dhwani\notebooks\spoof_generated\elevenlabs\en\201c0dcde165.wav
136af4c655cc,elevenlabs_george,en,3.6,elevenlabs,elevenlabs_v3_george,George,1.0,spoof,tts,X:\SIH 2K26\ml\dhwani\notebooks\spoof_generated\elevenlabs\en\136af4c655cc.wav
75b4a016b8e8,elevenlabs_george,en,3.12,elevenlabs,elevenlabs_v3_george,George,1.0,spoof,tts,X:\SIH 2K26\ml\dhwani\notebooks\spoof_generated\elevenlabs\en\75b4a016b8e8.wav
f10860645410,elevenlabs_george,en,3.12,elevenlabs,elevenlabs_v3_george,George,1.0,spoof,tts,X:\SIH 2K26\ml\dhwani\notebooks\spoof_generated\elevenlabs\en\f10860645410.wav
067274c1f56c,elevenlabs_george,en,3.28,elevenlabs,elevenlabs_v3_george,George,1.0,spoof,tts,X:\SIH 2K26\ml\dhwani\notebooks\spoof_generated\elevenlabs\en\067274c1f56c.wav
1b508433b3af,elevenlabs_george,en,3.52,elevenlabs,elevenlabs_v3_george,George,1.0,spoof,tts,X:\SIH 2K26\ml\dhwani\notebooks\spoof_generated\elevenlabs\en\1b508433b3af.wav
4035f33f7519,elevenlabs_george,en,3.36,elevenlabs,elevenlabs_v3_george,George,1.0,spoof,tts,X:\SIH 2K26\ml\dhwani\notebooks\spoof_generated\elevenlabs\en\4035f33f7519.wav
b9e1049a9ca2,elevenlabs_george,en,2.88,elevenlabs,elevenlabs_v3_george,George,1.0,spoof,tts,X:\SIH 2K26\ml\dhwani\notebooks\spoof_generated\elevenlabs\en\b9e1049a9ca2.wav
993e7f10b921,elevenlabs_george,en,2.88,elevenlabs,elevenlabs_v3_george,George,1.0,spoof,tts,X:\SIH 2K26\ml\dhwani\notebooks\spoof_generated\elevenlabs\en\993e7f10b921.wav
4d432cd13386,elevenlabs_george,en,3.68,elevenlabs,elevenlabs_v3_george,George,1.0,spoof,tts,X:\SIH 2K26\ml\dhwani\notebooks\spoof_generated\elevenlabs\en\4d432cd13386.wav
177b53e8acfa,elevenlabs_george,en,3.76,elevenlabs,elevenlabs_v3_george,George,1.0,spoof,tts,X:\SIH 2K26\ml\dhwani\notebooks\spoof_generated\elevenlabs\en\177b53e8acfa.wav
35dc540baa59,elevenlabs_george,en,3.28,elevenlabs,elevenlabs_v3_george,George,1.0,spoof,tts,X:\SIH 2K26\ml\dhwani\notebooks\spoof_generated\elevenlabs\en\35dc540baa59.wav
778328f5636d,elevenlabs_george,en,3.36,elevenlabs,elevenlabs_v3_george,George,1.0,spoof,tts,X:\SIH 2K26\ml\dhwani\notebooks\spoof_generated\elevenlabs\en\778328f5636d.wav
6d85821f03d0,elevenlabs_george,en,3.28,elevenlabs,elevenlabs_v3_george,George,1.0,spoof,tts,X:\SIH 2K26\ml\dhwani\notebooks\spoof_generated\elevenlabs\en\6d85821f03d0.wav
ace8bbfa8135,elevenlabs_george,en,2.72,elevenlabs,elevenlabs_v3_george,George,1.0,spoof,tts,X:\SIH 2K26\ml\dhwani\notebooks\spoof_generated\elevenlabs\en\ace8bbfa8135.wav
a0dab61efa1d,elevenlabs_george,en,3.68,elevenlabs,elevenlabs_v3_george,George,1.0,spoof,tts,X:\SIH 2K26\ml\dhwani\notebooks\spoof_generated\elevenlabs\en\a0dab61efa1d.wav
ca8dbb86600f,elevenlabs_george,hi,4.56,elevenlabs,elevenlabs_v3_george,George,1.0,spoof,tts,X:\SIH 2K26\ml\dhwani\notebooks\spoof_generated\elevenlabs\hi\ca8dbb86600f.wav
6b0f9590e507,elevenlabs_george,hi,3.36,elevenlabs,elevenlabs_v3_george,George,1.0,spoof,tts,X:\SIH 2K26\ml\dhwani\notebooks\spoof_generated\elevenlabs\hi\6b0f9590e507.wav
005bc07a758b,elevenlabs_george,hi,3.36,elevenlabs,elevenlabs_v3_george,George,1.0,spoof,tts,X:\SIH 2K26\ml\dhwani\notebooks\spoof_generated\elevenlabs\hi\005bc07a758b.wav
3cf13237faae,elevenlabs_george,hi,2.64,elevenlabs,elevenlabs_v3_george,George,1.0,spoof,tts,X:\SIH 2K26\ml\dhwani\notebooks\spoof_generated\elevenlabs\hi\3cf13237faae.wav
6bace9500b44,elevenlabs_george,hi,3.2,elevenlabs,elevenlabs_v3_george,George,1.0,spoof,tts,X:\SIH 2K26\ml\dhwani\notebooks\spoof_generated\elevenlabs\hi\6bace9500b44.wav
e28bb4b7ab81,elevenlabs_george,hi,2.64,elevenlabs,elevenlabs_v3_george,George,1.0,spoof,tts,X:\SIH 2K26\ml\dhwani\notebooks\spoof_generated\elevenlabs\hi\e28bb4b7ab81.wav
7e5fcd29f04d,elevenlabs_george,hi,3.04,elevenlabs,elevenlabs_v3_george,George,1.0,spoof,tts,X:\SIH 2K26\ml\dhwani\notebooks\spoof_generated\elevenlabs\hi\7e5fcd29f04d.wav
829a4b5802ab,elevenlabs_george,hi,2.48,elevenlabs,elevenlabs_v3_george,George,1.0,spoof,tts,X:\SIH 2K26\ml\dhwani\notebooks\spoof_generated\elevenlabs\hi\829a4b5802ab.wav
9807b47070ae,elevenlabs_george,hi,2.96,elevenlabs,elevenlabs_v3_george,George,1.0,spoof,tts,X:\SIH 2K26\ml\dhwani\notebooks\spoof_generated\elevenlabs\hi\9807b47070ae.wav
200fcfee6e5d,elevenlabs_george,hi,3.76,elevenlabs,elevenlabs_v3_george,George,1.0,spoof,tts,X:\SIH 2K26\ml\dhwani\notebooks\spoof_generated\elevenlabs\hi\200fcfee6e5d.wav
42de8bed8b53,elevenlabs_george,hi,2.4,elevenlabs,elevenlabs_v3_george,George,1.0,spoof,tts,X:\SIH 2K26\ml\dhwani\notebooks\spoof_generated\elevenlabs\hi\42de8bed8b53.wav
e580e4faf04c,elevenlabs_george,hi,2.64,elevenlabs,elevenlabs_v3_george,George,1.0,spoof,tts,X:\SIH 2K26\ml\dhwani\notebooks\spoof_generated\elevenlabs\hi\e580e4faf04c.wav
9706226413a4,elevenlabs_george,hi,2.96,elevenlabs,elevenlabs_v3_george,George,1.0,spoof,tts,X:\SIH 2K26\ml\dhwani\notebooks\spoof_generated\elevenlabs\hi\9706226413a4.wav
581f1306d89f,elevenlabs_george,hi,2.48,elevenlabs,elevenlabs_v3_george,George,1.0,spoof,tts,X:\SIH 2K26\ml\dhwani\notebooks\spoof_generated\elevenlabs\hi\581f1306d89f.wav
2304abe138e3,elevenlabs_george,hi,2.64,elevenlabs,elevenlabs_v3_george,George,1.0,spoof,tts,X:\SIH 2K26\ml\dhwani\notebooks\spoof_generated\elevenlabs\hi\2304abe138e3.wav
d7f644582e89,elevenlabs_george,hi,2.24,elevenlabs,elevenlabs_v3_george,George,1.0,spoof,tts,X:\SIH 2K26\ml\dhwani\notebooks\spoof_generated\elevenlabs\hi\d7f644582e89.wav
c6a0d5407609,elevenlabs_george,hi,3.2,elevenlabs,elevenlabs_v3_george,George,1.0,spoof,tts,X:\SIH 2K26\ml\dhwani\notebooks\spoof_generated\elevenlabs\hi\c6a0d5407609.wav
30d1ebe1b4a5,elevenlabs_george,hi,1.76,elevenlabs,elevenlabs_v3_george,George,1.0,spoof,tts,X:\SIH 2K26\ml\dhwani\notebooks\spoof_generated\elevenlabs\hi\30d1ebe1b4a5.wav
cc0dc917990c,elevenlabs_george,hi,2.48,elevenlabs,elevenlabs_v3_george,George,1.0,spoof,tts,X:\SIH 2K26\ml\dhwani\notebooks\spoof_generated\elevenlabs\hi\cc0dc917990c.wav
bcece3f21bbd,elevenlabs_george,hi,1.84,elevenlabs,elevenlabs_v3_george,George,1.0,spoof,tts,X:\SIH 2K26\ml\dhwani\notebooks\spoof_generated\elevenlabs\hi\bcece3f21bbd.wav
2cb79a607b66,elevenlabs_george,hi,2.48,elevenlabs,elevenlabs_v3_george,George,1.0,spoof,tts,X:\SIH 2K26\ml\dhwani\notebooks\spoof_generated\elevenlabs\hi\2cb79a607b66.wav
23bfd9a0d5b9,elevenlabs_george,hi,1.68,elevenlabs,elevenlabs_v3_george,George,1.0,spoof,tts,X:\SIH 2K26\ml\dhwani\notebooks\spoof_generated\elevenlabs\hi\23bfd9a0d5b9.wav
f8a8c13e4c7d,elevenlabs_george,hi,2.48,elevenlabs,elevenlabs_v3_george,George,1.0,spoof,tts,X:\SIH 2K26\ml\dhwani\notebooks\spoof_generated\elevenlabs\hi\f8a8c13e4c7d.wav
93d680525d5a,elevenlabs_george,hi,3.28,elevenlabs,elevenlabs_v3_george,George,1.0,spoof,tts,X:\SIH 2K26\ml\dhwani\notebooks\spoof_generated\elevenlabs\hi\93d680525d5a.wav
490d522d41f2,elevenlabs_george,hi,3.44,elevenlabs,elevenlabs_v3_george,George,1.0,spoof,tts,X:\SIH 2K26\ml\dhwani\notebooks\spoof_generated\elevenlabs\hi\490d522d41f2.wav
